Name,RAM,Internal storage,Display,Rear Camera,Front Camera,Battery,Processor,Price
"POCO X3 (Cobalt Blue, 128 GB)",6 GB RAM , 128 GB ROM ,16.94 cm (6.67 inch) Full HD+ Display,64MP + 13MP + 2MP + 2MP , 20MP Front Camera,6000 mAh Lithium-ion Polymer Battery,Qualcomm Snapdragon 732G Processor,"₹15,999"
"Redmi 9i (Nature Green, 64 GB)",4 GB RAM , 64 GB ROM ,16.59 cm (6.53 inch) HD+ Display,13MP Rear Camera , 5MP Front Camera,5000 mAh Lithium Polymer Battery,MediaTek Helio G25 Processor,"₹7,999"
"POCO X3 (Shadow Gray, 128 GB)",6 GB RAM , 128 GB ROM ,16.94 cm (6.67 inch) Full HD+ Display,64MP + 13MP + 2MP + 2MP , 20MP Front Camera,6000 mAh Lithium-ion Polymer Battery,Qualcomm Snapdragon 732G Processor,"₹15,999"
"POCO M2 (Brick Red, 64 GB)",6 GB RAM , 64 GB ROM ,16.59 cm (6.53 inch) Full HD+ Display,13MP + 8MP + 5MP + 2MP , 8MP Front Camera,5000 mAh Lithium Polymer Battery,MediaTek Helio G80 Processor,"₹9,999"
"POCO C3 (Arctic Blue, 32 GB)",3 GB RAM , 32 GB ROM ,16.59 cm (6.53 inch) HD+ Display,13MP + 2MP + 2MP , 5MP Front Camera,5000 mAh Li-ion Polymer Battery,Mediatek Helio G35 Processor,"₹6,999"
"POCO M2 (Pitch Black, 64 GB)",6 GB RAM , 64 GB ROM ,16.59 cm (6.53 inch) Full HD+ Display,13MP + 8MP + 5MP + 2MP , 8MP Front Camera,5000 mAh Lithium Polymer Battery,MediaTek Helio G80 Processor,"₹9,999"
"POCO X3 (Cobalt Blue, 64 GB)",6 GB RAM , 64 GB ROM ,16.94 cm (6.67 inch) Full HD+ Display,64MP + 13MP + 2MP + 2MP , 20MP Front Camera,6000 mAh Lithium-ion Polymer Battery,Qualcomm Snapdragon 732G Processor,"₹14,999"
"POCO C3 (Matte Black, 32 GB)",3 GB RAM , 32 GB ROM ,16.59 cm (6.53 inch) HD+ Display,13MP + 2MP + 2MP , 5MP Front Camera,5000 mAh Li-ion Polymer Battery,Mediatek Helio G35 Processor,"₹6,999"
"POCO C3 (Arctic Blue, 64 GB)",4 GB RAM , 64 GB ROM ,16.59 cm (6.53 inch) HD+ Display,13MP + 2MP + 2MP , 5MP Front Camera,5000 mAh Li-ion Polymer Battery,Mediatek Helio G35 Processor,"₹7,999"
"POCO C3 (Lime Green, 64 GB)",4 GB RAM , 64 GB ROM ,16.59 cm (6.53 inch) HD+ Display,13MP + 2MP + 2MP , 5MP Front Camera,5000 mAh Li-ion Polymer Battery,Mediatek Helio G35 Processor,"₹7,999"
"Realme Narzo 20 (Glory Silver, 64 GB)",4 GB RAM , 64 GB ROM ,16.56 cm (6.52 inch) HD+ Display,48MP + 8MP + 2MP , 8MP Front Camera,6000 mAh Lithium-ion Battery,MediaTek Helio G85 Processor,"₹10,499"
"POCO C3 (Lime Green, 32 GB)",3 GB RAM , 32 GB ROM ,16.59 cm (6.53 inch) HD+ Display,13MP + 2MP + 2MP , 5MP Front Camera,5000 mAh Li-ion Polymer Battery,Mediatek Helio G35 Processor,"₹6,999"
"Redmi 9 Prime (Space Blue, 64 GB)",4 GB RAM , 64 GB ROM ,16.59 cm (6.53 inch) Full HD+ Display,13MP Rear Camera , 8MP Front Camera,5020 mAh Battery,MediaTek Helio G80 Processor,"₹9,499"
"POCO C3 (Matte Black, 64 GB)",4 GB RAM , 64 GB ROM ,16.59 cm (6.53 inch) HD+ Display,13MP + 2MP + 2MP , 5MP Front Camera,5000 mAh Li-ion Polymer Battery,Mediatek Helio G35 Processor,"₹7,999"
"Realme Narzo 20 (Victory Blue, 128 GB)",4 GB RAM , 128 GB ROM ,16.56 cm (6.52 inch) HD+ Display,48MP + 8MP + 2MP , 8MP Front Camera,6000 mAh Lithium-ion Battery,MediaTek Helio G85 Processor,"₹11,499"
"Realme Narzo 20 (Glory Silver, 128 GB)",4 GB RAM , 128 GB ROM ,16.56 cm (6.52 inch) HD+ Display,48MP + 8MP + 2MP , 8MP Front Camera,6000 mAh Lithium-ion Battery,MediaTek Helio G85 Processor,"₹11,499"
"Realme Narzo 20 (Victory Blue, 64 GB)",4 GB RAM , 64 GB ROM ,16.56 cm (6.52 inch) HD+ Display,48MP + 8MP + 2MP , 8MP Front Camera,6000 mAh Lithium-ion Battery,MediaTek Helio G85 Processor,"₹10,499"
"Realme Narzo 20A (Glory Silver, 64 GB)",4 GB RAM , 64 GB ROM ,16.51 cm (6.5 inch) HD+ Display,12MP + 2MP + 2MP , 8MP Front Camera,5000 mAh Lithium-ion Battery,Qualcomm Snapdragon 665 Processor,"₹9,499"
"Realme Narzo 20A (Victory Blue, 64 GB)",4 GB RAM , 64 GB ROM ,16.51 cm (6.5 inch) HD+ Display,12MP + 2MP + 2MP , 8MP Front Camera,5000 mAh Lithium-ion Battery,Qualcomm Snapdragon 665 Processor,"₹9,499"
"Realme Narzo 20A (Victory Blue, 32 GB)",3 GB RAM , 32 GB ROM ,16.51 cm (6.5 inch) HD+ Display,12MP + 2MP + 2MP , 8MP Front Camera,5000 mAh Lithium-ion Battery,Qualcomm Snapdragon 665 Processor,"₹8,499"
"POCO M2 (Slate Blue, 128 GB)",6 GB RAM , 128 GB ROM ,16.59 cm (6.53 inch) Full HD+ Display,13MP + 8MP + 5MP + 2MP , 8MP Front Camera,5000 mAh Lithium Polymer Battery,MediaTek Helio G80 Processor,"₹10,999"
"Realme 7 (Mist Blue, 64 GB)",6 GB RAM , 64 GB ROM ,16.51 cm (6.5 inch) Full HD+ Display,64MP + 8MP + 2MP + 2MP , 16MP Front Camera,5000 mAh Lithium-ion Battery,MediaTek Helio G95 Processor,"₹14,999"
"POCO M2 (Pitch Black, 128 GB)",6 GB RAM , 128 GB ROM ,16.59 cm (6.53 inch) Full HD+ Display,13MP + 8MP + 5MP + 2MP , 8MP Front Camera,5000 mAh Lithium Polymer Battery,MediaTek Helio G80 Processor,"₹10,999"
"POCO M2 (Slate Blue, 64 GB)",6 GB RAM , 64 GB ROM ,16.59 cm (6.53 inch) Full HD+ Display,13MP + 8MP + 5MP + 2MP , 8MP Front Camera,5000 mAh Lithium Polymer Battery,MediaTek Helio G80 Processor,"₹9,999"
"Redmi 9i (Midnight Black, 64 GB)",4 GB RAM , 64 GB ROM ,16.59 cm (6.53 inch) HD+ Display,13MP Rear Camera , 5MP Front Camera,5000 mAh Lithium Polymer Battery,MediaTek Helio G25 Processor,"₹7,999"
"Redmi 9 Prime (Mint Green, 64 GB)",4 GB RAM , 64 GB ROM ,16.59 cm (6.53 inch) Full HD+ Display,13MP Rear Camera , 8MP Front Camera,5020 mAh Battery,MediaTek Helio G80 Processor,"₹9,499"
"Redmi 9 Prime (Matte Black, 64 GB)",4 GB RAM , 64 GB ROM ,16.59 cm (6.53 inch) Full HD+ Display,13MP Rear Camera , 8MP Front Camera,5020 mAh Battery,MediaTek Helio G80 Processor,"₹9,499"
"Samsung Galaxy F41 (Fusion Blue, 64 GB)",6 GB RAM , 64 GB ROM ,16.26 cm (6.4 inch) Full HD+ Display,64MP + 8MP + 5MP , 32MP Front Camera,6000 mAh Lithium-ion Battery,Exynos 9611 Processor,"₹14,999"
"POCO M2 Pro (Out of the Blue, 64 GB)",4 GB RAM , 64 GB ROM ,16.94 cm (6.67 inch) Full HD+ Display,48MP + 8MP + 5MP + 2MP , 16MP Front Camera,5000 mAh Lithium-ion Polymer Battery,Qualcomm Snapdragon 720G Processor,"₹11,999"
"POCO M2 Pro (Green and Greener, 64 GB)",4 GB RAM , 64 GB ROM ,16.94 cm (6.67 inch) Full HD+ Display,48MP + 8MP + 5MP + 2MP , 16MP Front Camera,5000 mAh Lithium-ion Polymer Battery,Qualcomm Snapdragon 720G Processor,"₹11,999"
"POCO M2 Pro (Two Shades of Black, 64 GB)",6 GB RAM , 64 GB ROM ,16.94 cm (6.67 inch) Full HD+ Display,48MP + 8MP + 5MP + 2MP , 16MP Front Camera,5000 mAh Lithium-ion Polymer Battery,Qualcomm Snapdragon 720G Processor,"₹12,999"
"Infinix Hot 10 (Moonlight Jade, 64 GB)",4 GB RAM , 64 GB ROM ,17.22 cm (6.78 inch) HD+ Display,16MP + 2MP + 2MP + Low Light Sensor , 8MP Front Camera,5200 mAh Li-ion Polymer Battery,MediaTek Helio G70 Processor,"₹9,499"
"Infinix Hot 10 (Ocean Wave, 64 GB)",4 GB RAM , 64 GB ROM ,17.22 cm (6.78 inch) HD+ Display,16MP + 2MP + 2MP + Low Light Sensor , 8MP Front Camera,5200 mAh Li-ion Polymer Battery,MediaTek Helio G70 Processor,"₹9,499"
"Redmi 9 Prime (Sunrise Flare, 64 GB)",4 GB RAM , 64 GB ROM ,16.59 cm (6.53 inch) Full HD+ Display,13MP Rear Camera , 8MP Front Camera,5020 mAh Battery,MediaTek Helio G80 Processor,"₹9,499"
"POCO M2 Pro (Out of the Blue, 64 GB)",6 GB RAM , 64 GB ROM ,16.94 cm (6.67 inch) Full HD+ Display,48MP + 8MP + 5MP + 2MP , 16MP Front Camera,5000 mAh Lithium-ion Polymer Battery,Qualcomm Snapdragon 720G Processor,"₹12,999"
"Samsung Galaxy F41 (Fusion Blue, 128 GB)",6 GB RAM , 128 GB ROM ,16.26 cm (6.4 inch) Full HD+ Display,64MP + 8MP + 5MP , 32MP Front Camera,6000 mAh Lithium-ion Battery,Exynos 9611 Processor,"₹15,999"
"Realme 6 (Comet White, 64 GB)",6 GB RAM , 64 GB ROM ,16.51 cm (6.5 inch) Full HD+ Display,64MP + 8MP + 2MP + 2MP , 16MP Front Camera,4300 mAh Battery,MediaTek Helio G90T Processor,"₹12,999"
"Realme 6 (Comet Blue, 64 GB)",6 GB RAM , 64 GB ROM ,16.51 cm (6.5 inch) Full HD+ Display,64MP + 8MP + 2MP + 2MP , 16MP Front Camera,4300 mAh Battery,MediaTek Helio G90T Processor,"₹12,999"
"POCO M2 (Brick Red, 128 GB)",6 GB RAM , 128 GB ROM ,16.59 cm (6.53 inch) Full HD+ Display,13MP + 8MP + 5MP + 2MP , 8MP Front Camera,5000 mAh Lithium Polymer Battery,MediaTek Helio G80 Processor,"₹10,999"
"Realme 7i (Fusion Blue, 128 GB)",4 GB RAM , 128 GB ROM ,16.51 cm (6.5 inch) HD+ Display,64MP + 8MP + 2MP + 2MP , 16MP Front Camera,5000 mAh Lithium-ion Battery,Qualcomm Snapdragon 662 Processor,"₹12,999"
"POCO M2 Pro (Two Shades of Black, 64 GB)",4 GB RAM , 64 GB ROM ,16.94 cm (6.67 inch) Full HD+ Display,48MP + 8MP + 5MP + 2MP , 16MP Front Camera,5000 mAh Lithium-ion Polymer Battery,Qualcomm Snapdragon 720G Processor,"₹11,999"
"Realme 7i (Fusion Green, 128 GB)",4 GB RAM , 128 GB ROM ,16.51 cm (6.5 inch) HD+ Display,64MP + 8MP + 2MP + 2MP , 16MP Front Camera,5000 mAh Lithium-ion Battery,Qualcomm Snapdragon 662 Processor,"₹12,999"
"Realme C12 (Power Blue, 32 GB)",3 GB RAM , 32 GB ROM ,16.56 cm (6.52 inch) HD+ Display,13MP + 2MP + 2MP , 5MP Front Camera,6000 mAh Lithium-ion Battery,Mediatek Helio G35 Processor,"₹8,999"
"Realme C11 (Rich Green, 32 GB)",2 GB RAM , 32 GB ROM ,16.51 cm (6.5 inch) HD+ Display,13MP + 2MP , 5MP Front Camera,5000 mAh Battery,Mediatek Helio G35 Processor,"₹7,499"
"Realme C11 (Rich Grey, 32 GB)",2 GB RAM , 32 GB ROM ,16.51 cm (6.5 inch) HD+ Display,13MP + 2MP , 5MP Front Camera,5000 mAh Battery,Mediatek Helio G35 Processor,"₹7,499"
"Realme C12 (Power Silver, 32 GB)",3 GB RAM , 32 GB ROM ,16.56 cm (6.52 inch) HD+ Display,13MP + 2MP + 2MP , 5MP Front Camera,6000 mAh Lithium-ion Battery,Mediatek Helio G35 Processor,"₹8,999"
"Infinix Smart 4 Plus (Midnight Black, 32 GB)",3 GB RAM , 32 GB ROM ,17.32 cm (6.82 inch) HD+ Display,13MP + Depth Sensor , 8MP Front Camera,6000 mAh Lithium-ion Polymer Battery,Mediatek Helio A25 Processor,"₹7,999"
"Infinix Smart 4 Plus (Violet, 32 GB)",3 GB RAM , 32 GB ROM ,17.32 cm (6.82 inch) HD+ Display,13MP + Depth Sensor , 8MP Front Camera,6000 mAh Lithium-ion Polymer Battery,Mediatek Helio A25 Processor,"₹7,999"
"Infinix Smart 4 Plus (Ocean Wave, 32 GB)",3 GB RAM , 32 GB ROM ,17.32 cm (6.82 inch) HD+ Display,13MP + Depth Sensor , 8MP Front Camera,6000 mAh Lithium-ion Polymer Battery,Mediatek Helio A25 Processor,"₹7,999"
"OPPO A5s (Black, 64 GB)",4 GB RAM , 64 GB ROM ,15.75 cm (6.2 inch) HD+ Display,13MP + 2MP , 8MP Front Camera,4230 mAh Battery,MediaTek Helio P35 Processor,"₹9,990"
"OPPO A5s (Blue, 32 GB)",2 GB RAM , 32 GB ROM ,15.75 cm (6.2 inch) HD+ Display,13MP + 2MP , 8MP Front Camera,4230 mAh Battery,MediaTek Helio P35 Processor,"₹7,990"
"POCO X3 (Shadow Gray, 128 GB)",8 GB RAM , 128 GB ROM ,16.94 cm (6.67 inch) Full HD+ Display,64MP + 13MP + 2MP + 2MP , 20MP Front Camera,6000 mAh Lithium-ion Polymer Battery,Qualcomm Snapdragon 732G Processor,"₹17,999"
"Infinix Hot 10 (Ocean Wave, 128 GB)",6 GB RAM , 128 GB ROM ,17.22 cm (6.78 inch) HD+ Display,16MP + 2MP + 2MP + Low Light Sensor , 8MP Front Camera,5200 mAh Li-ion Polymer Battery,MediaTek Helio G70 Processor,"₹10,999"
"Infinix Hot 10 (Amber Red, 128 GB)",6 GB RAM , 128 GB ROM ,17.22 cm (6.78 inch) HD+ Display,16MP + 2MP + 2MP + Low Light Sensor , 8MP Front Camera,5200 mAh Li-ion Polymer Battery,MediaTek Helio G70 Processor,"₹10,999"
"Infinix Hot 10 (Moonlight Jade, 128 GB)",6 GB RAM , 128 GB ROM ,17.22 cm (6.78 inch) HD+ Display,16MP + 2MP + 2MP + Low Light Sensor , 8MP Front Camera,5200 mAh Li-ion Polymer Battery,MediaTek Helio G70 Processor,"₹10,999"
"Samsung Galaxy F41 (Fusion Black, 64 GB)",6 GB RAM , 64 GB ROM ,16.26 cm (6.4 inch) Full HD+ Display,64MP + 8MP + 5MP , 32MP Front Camera,6000 mAh Lithium-ion Battery,Exynos 9611 Processor,"₹14,999"
"Infinix Smart 4 (Ocean Wave, 32 GB)",2 GB RAM , 32 GB ROM,17.32 cm (6.82 inch) HD+ Display,13MP + Depth Sensor , 8MP Front Camera,6000 mAh Li-ion Polymer Battery,MediaTek Helio A22 Processor,"₹6,999"
"Infinix Smart 4 (Violet, 32 GB)",2 GB RAM , 32 GB ROM,17.32 cm (6.82 inch) HD+ Display,13MP + Depth Sensor , 8MP Front Camera,6000 mAh Li-ion Polymer Battery,MediaTek Helio A22 Processor,"₹6,999"
"Infinix Smart 4 (Quetzal Cyan, 32 GB)",2 GB RAM , 32 GB ROM,17.32 cm (6.82 inch) HD+ Display,13MP + Depth Sensor , 8MP Front Camera,6000 mAh Li-ion Polymer Battery,MediaTek Helio A22 Processor,"₹6,999"
"Realme Narzo 20 Pro (White Knight, 128 GB)",8 GB RAM , 128 GB ROM ,16.51 cm (6.5 inch) Full HD+ Display,48MP + 8MP + 2MP + 2MP , 16MP Front Camera,4500 mAh Lithium-ion Battery,MediaTek Helio G95 Processor,"₹15,999"
"Samsung Galaxy F41 (Fusion Green, 64 GB)",6 GB RAM , 64 GB ROM ,16.26 cm (6.4 inch) Full HD+ Display,64MP + 8MP + 5MP , 32MP Front Camera,6000 mAh Lithium-ion Battery,Exynos 9611 Processor,"₹14,999"
"OPPO A5s (Green, 64 GB)",4 GB RAM , 64 GB ROM ,15.75 cm (6.2 inch) HD+ Display,13MP + 2MP , 8MP Front Camera,4230 mAh Battery,MediaTek Helio P35 Processor,"₹12,990"
"Samsung Galaxy F41 (Fusion Black, 128 GB)",6 GB RAM , 128 GB ROM ,16.26 cm (6.4 inch) Full HD+ Display,64MP + 8MP + 5MP , 32MP Front Camera,6000 mAh Lithium-ion Battery,Exynos 9611 Processor,"₹15,999"
"OPPO Reno2 F (Lake Green, 256 GB)",6 GB RAM , 256 GB ROM,16.51 cm (6.5 inch) Display,48MP + 8MP + 2MP + 2MP , 16MP Front Camera,4000 mAh Battery,MediaTek Helio P70 Processor,"₹15,990"
"Redmi 8A Dual (Sky White, 32 GB)",2 GB RAM , 32 GB ROM ,15.8 cm (6.22 inch) HD+ Display,13MP + 2MP , 8MP Front Camera,5000 mAh Lithium Polymer Battery,Qualcomm Snapdragon 439 Processor,"₹6,999"
"OPPO A12 (Black, 32 GB)",3 GB RAM , 32 GB ROM ,15.8 cm (6.22 inch) HD+ Display,13MP + 2MP , 5MP Front Camera,4230 mAh Battery,MediaTek Helio P35 Processor,"₹7,990"
"Infinix Hot 10 (Obsidian Black, 128 GB)",6 GB RAM , 128 GB ROM ,17.22 cm (6.78 inch) HD+ Display,16MP + 2MP + 2MP + Low Light Sensor , 8MP Front Camera,5200 mAh Li-ion Polymer Battery,MediaTek Helio G70 Processor,"₹10,999"
"OPPO A5s (Black, 32 GB)",2 GB RAM , 32 GB ROM ,15.75 cm (6.2 inch) HD+ Display,13MP + 2MP , 8MP Front Camera,4230 mAh Battery,MediaTek Helio P35 Processor,"₹7,990"
"Samsung Galaxy F41 (Fusion Green, 128 GB)",6 GB RAM , 128 GB ROM ,16.26 cm (6.4 inch) Full HD+ Display,64MP + 8MP + 5MP , 32MP Front Camera,6000 mAh Lithium-ion Battery,Exynos 9611 Processor,"₹15,999"
"Realme Narzo 20 Pro (White Knight, 64 GB)",6 GB RAM , 64 GB ROM ,16.51 cm (6.5 inch) Full HD+ Display,48MP + 8MP + 2MP + 2MP , 16MP Front Camera,4500 mAh Lithium-ion Battery,MediaTek Helio G95 Processor,"₹13,999"
"Realme 7 (Mist Blue, 128 GB)",8 GB RAM , 128 GB ROM ,16.51 cm (6.5 inch) Full HD+ Display,64MP + 8MP + 2MP + 2MP , 16MP Front Camera,5000 mAh Lithium-ion Battery,MediaTek Helio G95 Processor,"₹16,999"
"Realme 7 Pro (Mirror Blue, 128 GB)",8 GB RAM , 128 GB ROM ,16.26 cm (6.4 inch) Full HD+ Display,64MP + 8MP + 2MP + 2MP , 32MP Front Camera,4500 mAh Lithium-ion Battery,Qualcomm Snapdragon 720G Processor,"₹21,999"
"OPPO A12 (Black, 64 GB)",4 GB RAM , 64 GB ROM ,15.8 cm (6.22 inch) HD+ Display,13MP + 2MP , 5MP Front Camera,4230 mAh Battery,MediaTek Helio P35 Processor,"₹11,490"
"Gionee Max (Royal Blue, 32 GB)",2 GB RAM , 32 GB ROM ,15.49 cm (6.1 inch) HD+ Display,13MP + Digital Camera , 5MP Front Camera,5000 mAh Lithium-ion Polymer Battery,Octa Core Processor,"₹5,499"
"POCO X3 (Shadow Gray, 64 GB)",6 GB RAM , 64 GB ROM ,16.94 cm (6.67 inch) Full HD+ Display,64MP + 13MP + 2MP + 2MP , 20MP Front Camera,6000 mAh Lithium-ion Polymer Battery,Qualcomm Snapdragon 732G Processor,"₹14,999"
"Tecno Spark Power 2 Air (Ice Jadeite, 32 GB)",3 GB RAM , 32 GB ROM ,17.78 cm (7 inch) HD+ Display,13MP + 2MP + 2MP + AI Lens Quad AI Camera , 8MP Front Camera,6000 mAh Lithium-ion Polymer Battery,MediaTek Helio A22 Quad Core Processor,"₹7,999"
"POCO M2 Pro (Out of the Blue, 128 GB)",6 GB RAM , 128 GB ROM ,16.94 cm (6.67 inch) Full HD+ Display,48MP + 8MP + 5MP + 2MP , 16MP Front Camera,5000 mAh Lithium-ion Polymer Battery,Qualcomm Snapdragon 720G Processor,"₹14,999"
"POCO X2 (Matrix Purple, 128 GB)",6 GB RAM , 128 GB ROM ,16.94 cm (6.67 inch) Full HD+ Display,64MP + 8MP + 2MP + 2MP , 20MP + 2MP Dual Front Camera,4500 mAh Lithium-ion Polymer Battery,Qualcomm Snapdragon 730G Processor,"₹15,999"
"OPPO A12 (Blue, 32 GB)",3 GB RAM , 32 GB ROM ,15.8 cm (6.22 inch) HD+ Display,13MP + 2MP , 5MP Front Camera,4230 mAh Battery,MediaTek Helio P35 Processor,"₹7,990"
"OPPO A12 (Blue, 64 GB)",4 GB RAM , 64 GB ROM ,15.8 cm (6.22 inch) HD+ Display,13MP + 2MP , 5MP Front Camera,4230 mAh Battery,MediaTek Helio P35 Processor,"₹11,490"
"Realme 7 (Mist White, 128 GB)",8 GB RAM , 128 GB ROM ,16.51 cm (6.5 inch) Full HD+ Display,64MP + 8MP + 2MP + 2MP , 16MP Front Camera,5000 mAh Lithium-ion Battery,MediaTek Helio G95 Processor,"₹16,999"
"Gionee Max (Red, 32 GB)",2 GB RAM , 32 GB ROM ,15.49 cm (6.1 inch) HD+ Display,13MP + Digital Camera , 5MP Front Camera,5000 mAh Lithium-ion Polymer Battery,Octa Core Processor,"₹5,499"
"Gionee Max (Black, 32 GB)",2 GB RAM , 32 GB ROM ,15.49 cm (6.1 inch) HD+ Display,13MP + Digital Camera , 5MP Front Camera,5000 mAh Lithium-ion Polymer Battery,Octa Core Processor,"₹5,499"
"Redmi 9i (Midnight Black, 128 GB)",4 GB RAM , 128 GB ROM ,16.59 cm (6.53 inch) HD+ Display,13MP Rear Camera , 5MP Front Camera,5000 mAh Lithium Polymer Battery,MediaTek Helio G25 Processor,"₹9,299"
"Tecno Spark Power 2 Air (Cosmic Shine, 32 GB)",3 GB RAM , 32 GB ROM ,17.78 cm (7 inch) HD+ Display,13MP + 2MP + 2MP + AI Lens Quad AI Camera , 8MP Front Camera,6000 mAh Lithium-ion Polymer Battery,MediaTek Helio A22 Quad Core Processor,"₹7,999"
"Google Pixel 4a (Just Black, 128 GB)",6 GB RAM , 128 GB ROM,14.76 cm (5.81 inch) Full HD+ Display,12.2MP Rear Camera , 8MP Front Camera,3140 mAh Battery,Qualcomm Snapdragon 730G Processor,"₹31,999"
"Realme C12 (Power Blue, 64 GB)",4 GB RAM , 64 GB ROM ,16.56 cm (6.52 inch) HD+ Display,13MP + 2MP + 2MP , 5MP Front Camera,6000 mAh Lithium-ion Battery,Mediatek Helio G35 Processor,"₹9,999"
"Realme Narzo 20 Pro (Black Ninja, 64 GB)",6 GB RAM , 64 GB ROM ,16.51 cm (6.5 inch) Full HD+ Display,48MP + 8MP + 2MP + 2MP , 16MP Front Camera,4500 mAh Lithium-ion Battery,MediaTek Helio G95 Processor,"₹13,999"
"OPPO F15 (Unicorn White, 128 GB)",4 GB RAM , 128 GB ROM ,16.26 cm (6.4 inch) Full HD+ Display,48MP + 8MP + 2MP + 2MP , 16MP Front Camera,4000 mAh Battery,MediaTek Helio P70 Processor,"₹14,990"
"OPPO F15 (Blazing Blue, 128 GB)",4 GB RAM , 128 GB ROM ,16.26 cm (6.4 inch) Full HD+ Display,48MP + 8MP + 2MP + 2MP , 16MP Front Camera,4000 mAh Battery,MediaTek Helio P70 Processor,"₹14,990"
"Realme C12 (Power Silver, 64 GB)",4 GB RAM , 64 GB ROM ,16.56 cm (6.52 inch) HD+ Display,13MP + 2MP + 2MP , 5MP Front Camera,6000 mAh Lithium-ion Battery,Mediatek Helio G35 Processor,"₹9,999"
"POCO M2 Pro (Green and Greener, 128 GB)",6 GB RAM , 128 GB ROM ,16.94 cm (6.67 inch) Full HD+ Display,48MP + 8MP + 5MP + 2MP , 16MP Front Camera,5000 mAh Lithium-ion Polymer Battery,Qualcomm Snapdragon 720G Processor,"₹14,999"
"Realme C15 (Power Silver, 64 GB)",4 GB RAM , 64 GB ROM ,16.56 cm (6.52 inch) HD+ Display,13MP + 8MP + 2MP + 2MP , 8MP Front Camera,6000 mAh Lithium-ion Battery,Mediatek Helio G35 Processor,"₹10,999"
"Realme C15 (Power Blue, 64 GB)",4 GB RAM , 64 GB ROM ,16.56 cm (6.52 inch) HD+ Display,13MP + 8MP + 2MP + 2MP , 8MP Front Camera,6000 mAh Lithium-ion Battery,Mediatek Helio G35 Processor,"₹10,999"
"Motorola One Fusion+ (Twilight Blue, 128 GB)",6 GB RAM , 128 GB ROM ,16.51 cm (6.5 inch) Full HD+ Display,64MP + 8MP + 5MP + 2MP , 16MP Front Camera,5000 mAh Lithium Polymer Battery,Qualcomm Snapdragon 730G Processor,"₹17,499"
"Infinix Hot 9 (Ocean Wave, 64 GB)",4 GB RAM , 64 GB ROM ,16.76 cm (6.6 inch) HD+ Display,13 MP + 2 MP + 2 MP + Low Light Sensor , 8MP Front Camera,5000 mAh Li-ion Polymer Battery,MediaTek Helio P22 (64 bit) Processor,"₹9,499"
"Infinix Hot 9 (Quetzal Cyan, 64 GB)",4 GB RAM , 64 GB ROM ,16.76 cm (6.6 inch) HD+ Display,13 MP + 2 MP + 2 MP + Low Light Sensor , 8MP Front Camera,5000 mAh Li-ion Polymer Battery,MediaTek Helio P22 (64 bit) Processor,"₹9,499"
"Infinix Hot 9 (Violet, 64 GB)",4 GB RAM , 64 GB ROM ,16.76 cm (6.6 inch) HD+ Display,13 MP + 2 MP + 2 MP + Low Light Sensor , 8MP Front Camera,5000 mAh Li-ion Polymer Battery,MediaTek Helio P22 (64 bit) Processor,"₹9,499"
"Tecno Spark Go 2020 (Ice jadeite, 32 GB)",2 GB RAM , 32 GB ROM ,16.56 cm (6.52 inch) HD+ Display,13MP + AI Lens Dual Camera , 8MP Front Camera,5000 mAh Lithium-ion Battery,MediaTek Helio A20 Quad Core Processor,"₹6,799"
"Tecno Spark Go 2020 (Mystery White, 32 GB)",2 GB RAM , 32 GB ROM ,16.56 cm (6.52 inch) HD+ Display,13MP + AI Lens Dual Camera , 8MP Front Camera,5000 mAh Lithium-ion Battery,MediaTek Helio A20 Quad Core Processor,"₹6,799"
"Tecno Spark Go 2020 (Aqua Blue, 32 GB)",2 GB RAM , 32 GB ROM ,16.56 cm (6.52 inch) HD+ Display,13MP + AI Lens Dual Camera , 8MP Front Camera,5000 mAh Lithium-ion Battery,MediaTek Helio A20 Quad Core Processor,"₹6,799"
"Realme C15 (Power Silver, 32 GB)",3 GB RAM , 32 GB ROM ,16.56 cm (6.52 inch) HD+ Display,13MP + 8MP + 2MP + 2MP , 8MP Front Camera,6000 mAh Lithium-ion Battery,Mediatek Helio G35 Processor,"₹9,999"
"Realme C15 (Power Blue, 32 GB)",3 GB RAM , 32 GB ROM ,16.56 cm (6.52 inch) HD+ Display,13MP + 8MP + 2MP + 2MP , 8MP Front Camera,6000 mAh Lithium-ion Battery,Mediatek Helio G35 Processor,"₹9,999"
"OPPO A5s (Black, 32 GB)",3 GB RAM , 32 GB ROM ,15.75 cm (6.2 inch) HD+ Display,13MP + 2MP , 8MP Front Camera,4230 mAh Battery,MTK MT6765 Processor,"₹10,350"
"Motorola G9 Power (Metallic Sage, 64 GB)",4 GB RAM , 64 GB ROM ,17.22 cm (6.78 inch) HD+ Display,64MP + 2MP + 2MP , 16MP Front Camera,6000 mAh Li-Polymer Battery,Qualcomm Snapdragon 662 Processor,"₹11,999"
"OPPO A5s (Blue, 32 GB)",3 GB RAM , 32 GB ROM ,15.75 cm (6.2 inch) HD+ Display,13MP + 2MP , 8MP Front Camera,4230 mAh Battery,MTK MT6765 Processor,"₹10,499"
"Infinix Smart HD 2021 (Quartz Green, 32 GB)",2 GB RAM , 32 GB ROM ,15.49 cm (6.1 inch) HD+ Display,8MP Rear Camera , 5MP Front Camera,5000 mAh Li-ion Polymer Battery,MediaTek Helio A20 Processor,"₹6,099"
"Infinix Smart HD 2021 (Topaz Blue, 32 GB)",2 GB RAM , 32 GB ROM ,15.49 cm (6.1 inch) HD+ Display,8MP Rear Camera , 5MP Front Camera,5000 mAh Li-ion Polymer Battery,MediaTek Helio A20 Processor,"₹6,099"
"Infinix Smart HD 2021 (Obsidian Black, 32 GB)",2 GB RAM , 32 GB ROM ,15.49 cm (6.1 inch) HD+ Display,8MP Rear Camera , 5MP Front Camera,5000 mAh Li-ion Polymer Battery,MediaTek Helio A20 Processor,"₹6,099"
"Vivo S1 Pro (Jazzy Blue, 128 GB)",8 GB RAM , 128 GB ROM ,16.21 cm (6.38 inch) Full HD+ Display,48MP + 8MP + 2MP + 2MP , 32MP Front Camera,4500 mAh Lithium Polymer Battery,Qualcomm Snapdragon 665 Processor,"₹18,990"
"Vivo S1 Pro (Mystic Black, 128 GB)",8 GB RAM , 128 GB ROM ,16.21 cm (6.38 inch) Full HD+ Display,48MP + 8MP + 2MP + 2MP , 32MP Front Camera,4500 mAh Lithium Polymer Battery,Qualcomm Snapdragon 665 Processor,"₹18,990"
"Vivo S1 Pro (Dreamy White, 128 GB)",8 GB RAM , 128 GB ROM ,16.21 cm (6.38 inch) Full HD+ Display,48MP + 8MP + 2MP + 2MP , 32MP Front Camera,4500 mAh Lithium Polymer Battery,Qualcomm Snapdragon 665 Processor,"₹18,990"
"Tecno Spark 6 Go (Mystery White, 64 GB)",4 GB RAM , 64 GB ROM ,16.56 cm (6.52 inch) HD+ Display,13MP + AI Lens Dual AI Camera , 8MP Front Camera,5000 mAh Li-ion Battery,MediaTek Helio A25 Processor,"₹8,699"
"Realme 7 Pro (Sun Kissed Leather, 128 GB)",8 GB RAM , 128 GB ROM ,16.26 cm (6.4 inch) Full HD+ Display,64MP + 8MP + 2MP + 2MP , 32MP Front Camera,4500 mAh Lithium-ion Battery,Qualcomm Snapdragon 720G Processor,"₹21,999"
"Vivo Y50 (Iris Blue, 128 GB)",8 GB RAM , 128 GB ROM ,16.59 cm (6.53 inch) Display,13MP + 8MP + 2MP + 2MP , 16MP Front Camera,5000 mAh Lithium-ion Battery,Qualcomm Snapdragon 665 Processor,"₹16,490"
"Vivo Y50 (Pearl White, 128 GB)",8 GB RAM , 128 GB ROM ,16.59 cm (6.53 inch) Display,13MP + 8MP + 2MP + 2MP , 16MP Front Camera,5000 mAh Lithium-ion Battery,Qualcomm Snapdragon 665 Processor,"₹16,490"
"Motorola One Fusion+ (Moonlight White, 128 GB)",6 GB RAM , 128 GB ROM ,16.51 cm (6.5 inch) Full HD+ Display,64MP + 8MP + 5MP + 2MP , 16MP Front Camera,5000 mAh Lithium Polymer Battery,Qualcomm Snapdragon 730G Processor,"₹17,499"
"POCO X2 (Atlantis Blue, 64 GB)",6 GB RAM , 64 GB ROM ,16.94 cm (6.67 inch) Full HD+ Display,64MP + 8MP + 2MP + 2MP , 20MP + 2MP Dual Front Camera,4500 mAh Lithium-ion Polymer Battery,Qualcomm Snapdragon 730G Processor,"₹14,999"
"OPPO A5s (Blue, 64 GB)",4 GB RAM , 64 GB ROM ,15.75 cm (6.2 inch) HD+ Display,13MP + 2MP , 8MP Front Camera,4230 mAh Battery,MediaTek Helio P35 Processor,"₹10,999"
"Moto G 5G (Volcanic Grey, 128 GB)",6 GB RAM , 128 GB ROM ,16.94 cm (6.67 inch) Full HD+ Display,48MP + 8MP + 2MP , 16MP Front Camera,5000 mAh Li-Polymer Battery,Qualcomm Snapdragon 750G Processor,"₹18,999"
"Vivo Y51 (Titanium Sapphire, 128 GB)",8 GB RAM , 128 GB ROM ,16.71 cm (6.58 inch) Full HD+ Display,48MP + 8MP + 2MP , 16MP Front Camera,5000 mAh Lithium-ion Battery,Qualcomm Snapdragon 665 Processor,"₹17,990"
"Itel Vision1 (Gradation Green, 32 GB)",3 GB RAM , 32 GB ROM ,15.46 cm (6.088 inch) HD+ Display,8MP + 0.3MP , 5MP Front Camera,4000 mAh Lithium-ion Polymer Battery,Unisoc SC9863A Octa Core Processor,"₹6,299"
"Itel Vision1 (Gradation Blue, 32 GB)",3 GB RAM , 32 GB ROM ,15.46 cm (6.088 inch) HD+ Display,8MP + 0.3MP , 5MP Front Camera,4000 mAh Lithium-ion Polymer Battery,Unisoc SC9863A Octa Core Processor,"₹6,299"
"Motorola G9 Power (Electric Violet, 64 GB)",4 GB RAM , 64 GB ROM ,17.22 cm (6.78 inch) HD+ Display,64MP + 2MP + 2MP , 16MP Front Camera,6000 mAh Li-Polymer Battery,Qualcomm Snapdragon 662 Processor,"₹11,999"
"POCO X2 (Matrix Purple, 64 GB)",6 GB RAM , 64 GB ROM ,16.94 cm (6.67 inch) Full HD+ Display,64MP + 8MP + 2MP + 2MP , 20MP + 2MP Dual Front Camera,4500 mAh Lithium-ion Polymer Battery,Qualcomm Snapdragon 730G Processor,"₹14,999"
"Vivo V20 2021 (Midnight Jazz, 128 GB)",8 GB RAM , 128 GB ROM ,16.36 cm (6.44 inch) Full HD+ Display,64MP + 8MP + 2MP , 44MP Front Camera,4000 mAh Lithium-ion Battery,Qualcomm Snapdragon 730 Processor,"₹24,990"
"Vivo V20 2021 (Sunset Melody, 128 GB)",8 GB RAM , 128 GB ROM ,16.36 cm (6.44 inch) Full HD+ Display,64MP + 8MP + 2MP , 44MP Front Camera,4000 mAh Lithium-ion Battery,Qualcomm Snapdragon 730 Processor,"₹24,990"
"Vivo Y20 (Obsidian Black, 64 GB)",4 GB RAM , 64 GB ROM ,16.54 cm (6.51 inch) HD+ Display,13MP + 2MP + 2MP , 8MP Front Camera,5000 mAh Lithium-ion Battery,Qualcomm Snapdragon 460 Processor,"₹12,990"
"Vivo Y20 (Purist Blue, 64 GB)",4 GB RAM , 64 GB ROM ,16.54 cm (6.51 inch) HD+ Display,13MP + 2MP + 2MP , 8MP Front Camera,5000 mAh Lithium-ion Battery,Qualcomm Snapdragon 460 Processor,"₹12,990"
"Vivo Y20 (Dawn White, 64 GB)",4 GB RAM , 64 GB ROM ,16.54 cm (6.51 inch) HD+ Display,13MP + 2MP + 2MP , 8MP Front Camera,5000 mAh Lithium-ion Battery,Qualcomm Snapdragon 460 Processor,"₹12,990"
"Infinix Note 7 (Aether Black, 64 GB)",4 GB RAM , 64 GB ROM ,17.65 cm (6.95 inch) HD+ Display,48MP + 2MP + 2MP + AI Lens Camera , 16MP Front Camera,5000 mAh Li-ion Polymer Battery,MediaTek Helio G70 Processor,"₹10,999"
"Infinix Note 7 (Forest Green, 64 GB)",4 GB RAM , 64 GB ROM ,17.65 cm (6.95 inch) HD+ Display,48MP + 2MP + 2MP + AI Lens Camera , 16MP Front Camera,5000 mAh Li-ion Polymer Battery,MediaTek Helio G70 Processor,"₹10,999"
"Vivo Y30 (Dazzle Blue, 128 GB)",4 GB RAM , 128 GB ROM ,16.43 cm (6.47 inch) HD+ Display,13MP + 8MP + 2MP + 2MP , 8MP Front Camera,5000 mAh Lithium-ion Battery,MediaTek Helio P35 Processor,"₹13,990"
"POCO X2 (Phoenix Red, 128 GB)",6 GB RAM , 128 GB ROM ,16.94 cm (6.67 inch) Full HD+ Display,64MP + 8MP + 2MP + 2MP , 20MP + 2MP Dual Front Camera,4500 mAh Lithium-ion Polymer Battery,Qualcomm Snapdragon 730G Processor,"₹15,999"
"Vivo Y30 (Emerald Black, 128 GB)",4 GB RAM , 128 GB ROM ,16.43 cm (6.47 inch) HD+ Display,13MP + 8MP + 2MP + 2MP , 8MP Front Camera,5000 mAh Lithium-ion Battery,MediaTek Helio P35 Processor,"₹13,990"
"Panasonic Eluga I7 (Black, 16 GB)",2 GB RAM , 16 GB ROM ,13.87 cm (5.46 inch) HD+ Display,8MP Rear Camera , 8MP Front Camera,4000 mAh Lithium-ion Battery,MediaTek Quad Core Processor,"₹5,001"
"Motorola E7 Plus (Misty Blue, 64 GB)",4 GB RAM , 64 GB ROM ,16.51 cm (6.5 inch) HD+ Display,48MP + 2MP , 8MP Front Camera,5000 mAh Battery,Qualcomm Snapdragon 460 Processor,"₹9,999"
"Realme 6i (Lunar White, 64 GB)",6 GB RAM , 64 GB ROM ,16.51 cm (6.5 inch) Full HD+ Display,48MP + 8MP + 2MP + 2MP , 16MP Front Camera,4300 mAh Battery,MediaTek Helio G90T Processor,"₹13,999"
"Tecno POVA (Magic Blue, 64 GB)",4 GB RAM , 64 GB ROM ,17.27 cm (6.8 inch) HD+ Display,16MP + 2MP + 2MP + AI Lens Quad Camera , 8MP Front Camera,6000 mAh Li-ion Polymer Battery,MediaTek Helio G80 Processor,"₹10,499"
"Realme C15 Qualcomm Edition (Power Blue, 64 GB)",4 GB RAM , 64 GB ROM ,16.56 cm (6.52 inch) HD+ Display,13MP + 8MP + 2MP + 2MP , 8MP Front Camera,6000 mAh Lithium-ion Battery,Qualcomm Snapdragon 460 Processor,"₹10,999"
"Redmi Note 9 Pro (Glacier White, 64 GB)",4 GB RAM , 64 GB ROM ,16.94 cm (6.67 inch) Full HD+ Display,48MP + 8MP + 5MP + 2MP , 16MP Front Camera,5020 mAh Battery,Qualcomm® Snapdragon™ 720G Processor,"₹13,619"
"Redmi Note 9 Pro (Interstellar Black, 128 GB)",6 GB RAM , 128 GB ROM ,16.94 cm (6.67 inch) Full HD+ Display,48MP + 8MP + 5MP + 2MP , 16MP Front Camera,5020 mAh Battery,Qualcomm® Snapdragon™ 720G Processor,"₹18,689"
"Tecno Camon 15 (Dark Jade, 64 GB)",4 GB RAM , 64 GB ROM ,16.64 cm (6.55 inch) HD+ Display,48MP + 2MP + 2MP + QVGA Rear Camera , 16MP Front Camera,5000 mAh Li-ion Polymer Battery Battery,Helio P22 MT6762 Processor,"₹9,999"
"Vivo Y20i (Dawn White, 64 GB)",3 GB RAM , 64 GB ROM ,16.54 cm (6.51 inch) HD+ Display,13MP + 2MP + 2MP , 8MP Front Camera,5000 mAh Lithium-ion Battery,Qualcomm Snapdragon 460 Processor,"₹11,490"
"Vivo Y20i (Nebula Blue, 64 GB)",3 GB RAM , 64 GB ROM ,16.54 cm (6.51 inch) HD+ Display,13MP + 2MP + 2MP , 8MP Front Camera,5000 mAh Lithium-ion Battery,Qualcomm Snapdragon 460 Processor,"₹11,490"
"Motorola G9 (Sapphire Blue, 64 GB)",4 GB RAM , 64 GB ROM ,16.51 cm (6.5 inch) HD+ Display,48MP + 2MP + 2MP , 8MP Front Camera,5000 mAh Battery,Qualcomm Snapdragon 662 Processor,"₹10,999"
"Vivo Y11 (Mineral Blue, 32 GB)",3 GB RAM , 32 GB ROM,16.13 cm (6.35 inch) HD+ Display,13MP + 2MP , 8MP Front Camera,5000 mAh Battery,SDM439 Processor,"₹9,490"
"Vivo Y11 (Agate Red, 32 GB)",3 GB RAM , 32 GB ROM,16.13 cm (6.35 inch) HD+ Display,13MP + 2MP , 8MP Front Camera,5000 mAh Battery,SDM439 Processor,"₹9,490"
"Itel VISION1 (GRADATION GREEN, 32 GB)",2 GB RAM , 32 GB ROM ,15.46 cm (6.088 inch) HD+ Display,8MP Rear Camera , 5MP Front Camera,4000 mAh Battery,UNISOC SC9863A OCTA CORE Processor,"₹6,599"
"Samsung Galaxy M01 (Blue, 32 GB)",3 GB RAM , 32 GB ROM ,14.48 cm (5.7 inch) HD+ Display,13MP + 2MP , 5MP Front Camera,4000 mAh Lithium-ion Battery,Qualcomm Snapdragon (SDM439) Octa Core Processor,"₹8,055"
"Vivo Y30 (Dazzle Blue, 128 GB)",6 GB RAM , 128 GB ROM ,16.43 cm (6.47 inch) HD+ Display,13MP + 8MP + 2MP + 2MP , 8MP Front Camera,5000 mAh Li-ion Battery,MediaTek Helio P35 Processor,"₹14,990"
"Vivo Y51 (Crystal Symphony, 128 GB)",8 GB RAM , 128 GB ROM ,16.71 cm (6.58 inch) Full HD+ Display,48MP + 8MP + 2MP , 16MP Front Camera,5000 mAh Lithium-ion Battery,Qualcomm Snapdragon 665 Processor,"₹17,990"
"Moto G 5G (Frosted Silver, 128 GB)",6 GB RAM , 128 GB ROM ,16.94 cm (6.67 inch) Full HD+ Display,48MP + 8MP + 2MP , 16MP Front Camera,5000 mAh Li-Polymer Battery,Qualcomm Snapdragon 750G Processor,"₹18,999"
"Realme C15 Qualcomm Edition (Power Silver, 64 GB)",4 GB RAM , 64 GB ROM ,16.56 cm (6.52 inch) HD+ Display,13MP + 8MP + 2MP + 2MP , 8MP Front Camera,6000 mAh Lithium-ion Battery,Qualcomm Snapdragon 460 Processor,"₹10,999"
"Realme 7 Pro (Mirror Silver, 128 GB)",6 GB RAM , 128 GB ROM ,16.26 cm (6.4 inch) Full HD+ Display,64MP + 8MP + 2MP + 2MP , 32MP Front Camera,4500 mAh Lithium-ion Battery,Qualcomm Snapdragon 720G Processor,"₹19,999"
"Realme 7 Pro (Mirror Silver, 128 GB)",8 GB RAM , 128 GB ROM ,16.26 cm (6.4 inch) Full HD+ Display,64MP + 8MP + 2MP + 2MP , 32MP Front Camera,4500 mAh Lithium-ion Battery,Qualcomm Snapdragon 720G Processor,"₹21,999"
"Redmi Note 9 Pro (Glacier White, 128 GB)",4 GB RAM , 128 GB ROM ,16.94 cm (6.67 inch) Full HD+ Display,48MP + 8MP + 5MP + 2MP , 16MP Front Camera,5020 mAh Battery,Qualcomm® Snapdragon™ 720G Processor,"₹15,077"
"Redmi Note 9 Pro (Aurora Blue, 128 GB)",4 GB RAM , 128 GB ROM ,16.94 cm (6.67 inch) Full HD+ Display,48MP + 8MP , 16MP Front Camera,5020 mAh Battery,Qualcomm Snapdragon 720G Processor,"₹15,220"
"OPPO A5s (Gold, 64 GB)",4 GB RAM , 64 GB ROM ,15.75 cm (6.2 inch) HD+ Display,13MP + 2MP , 8MP Front Camera,4230 mAh Battery,MediaTek Helio P35 Processor,"₹14,275"
"Tecno POVA (Speed Purple, 64 GB)",4 GB RAM , 64 GB ROM ,17.27 cm (6.8 inch) HD+ Display,16MP + 2MP + 2MP + AI Lens Quad Camera , 8MP Front Camera,6000 mAh Li-ion Polymer Battery,MediaTek Helio G80 Processor,"₹10,499"
"Tecno POVA (Magic Blue, 128 GB)",6 GB RAM , 128 GB ROM ,17.27 cm (6.8 inch) HD+ Display,16MP + 2MP + 2MP + AI Lens Quad Camera , 8MP Front Camera,6000 mAh Li-ion Polymer Battery,MediaTek Helio G80 Processor,"₹11,999"
"Realme 6 Pro (Lightning Blue, 128 GB)",8 GB RAM , 128 GB ROM ,16.76 cm (6.6 inch) Full HD+ Display,64MP + 12MP + 8MP + 2MP , 16MP + 8MP Dual Front Camera,4300 mAh Battery,Snapdragon 720G Processor,"₹17,999"
"Lava Z66 (Berry Red, 32 GB)",3 GB RAM , 32 GB ROM ,15.44 cm (6.08 inch) HD+ Display,13MP + 5MP , 13MP Front Camera,3950 mAh Lithium Polymer Battery,Octa Core Processor,"₹6,877"
"Lava Z66 (Marine Blue, 32 GB)",3 GB RAM , 32 GB ROM ,15.44 cm (6.08 inch) HD+ Display,13MP + 5MP , 13MP Front Camera,3950 mAh Lithium Polymer Battery,Octa Core Processor,"₹6,877"
"Vivo Y12s (Glacier Blue, 32 GB)",3 GB RAM , 32 GB ROM ,16.54 cm (6.51 inch) HD+ Display,13MP + 2MP , 8MP Front Camera,5000 mAh Li-ion Battery,Snapdragon 439 Processor,"₹9,990"
"Vivo Y12s (Phantom Black, 32 GB)",3 GB RAM , 32 GB ROM ,16.54 cm (6.51 inch) HD+ Display,13MP + 2MP , 8MP Front Camera,5000 mAh Li-ion Battery,Snapdragon 439 Processor,"₹9,990"
"Realme 6 (Comet Blue, 64 GB)",4 GB RAM , 64 GB ROM ,16.51 cm (6.5 inch) Full HD+ Display,64MP + 8MP + 2MP + 2MP , 16MP Front Camera,4300 mAh Battery,MediaTek Helio G90T Processor,"₹13,999"
"Realme 6i (Eclipse Black, 64 GB)",6 GB RAM , 64 GB ROM ,16.51 cm (6.5 inch) Full HD+ Display,48MP + 8MP + 2MP + 2MP , 16MP Front Camera,4300 mAh Battery,MediaTek Helio G90T Processor,"₹13,999"
"Infinix Hot 9 Pro (Ocean Wave, 64 GB)",4 GB RAM , 64 GB ROM ,16.76 cm (6.6 inch) HD+ Display,48 MP + 2 MP + 2 MP + Low Light Sensor , 8MP Front Camera,5000 mAh Li-ion Polymer Battery,MediaTek Helio P22 (64 bit) Processor,"₹10,499"
"Infinix Hot 9 Pro (Quetzal Cyan, 64 GB)",4 GB RAM , 64 GB ROM ,16.76 cm (6.6 inch) HD+ Display,48 MP + 2 MP + 2 MP + Low Light Sensor , 8MP Front Camera,5000 mAh Li-ion Polymer Battery,MediaTek Helio P22 (64 bit) Processor,"₹10,499"
"Realme C15 Qualcomm Edition (Power Silver, 32 GB)",3 GB RAM , 32 GB ROM ,16.56 cm (6.52 inch) HD+ Display,13MP + 8MP + 2MP + 2MP , 8MP Front Camera,6000 mAh Lithium-ion Battery,Qualcomm Snapdragon 460 Processor,"₹9,999"
"Realme C15 Qualcomm Edition (Power Blue, 32 GB)",3 GB RAM , 32 GB ROM ,16.56 cm (6.52 inch) HD+ Display,13MP + 8MP + 2MP + 2MP , 8MP Front Camera,6000 mAh Lithium-ion Battery,Qualcomm Snapdragon 460 Processor,"₹9,999"
"Redmi Note 9 Pro (Interstellar Black, 64 GB)",4 GB RAM , 64 GB ROM ,16.94 cm (6.67 inch) Full HD+ Display,48MP + 8MP + 5MP + 2MP , 16MP Front Camera,5020 mAh Battery,Qualcomm® Snapdragon™ 720G Processor,"₹13,419"
"Redmi Note 9 Pro (Champagne Gold, 128 GB)",4 GB RAM , 128 GB ROM ,16.94 cm (6.67 inch) Full HD+ Display,48MP + 8MP + 5MP + 2MP , 16MP Front Camera,5020 mAh Battery,Qualcomm® Snapdragon™ 720G Processor,"₹14,979"
"Redmi 9 Power (Blazing Blue, 64 GB)",4 GB RAM , 64 GB ROM,16.59 cm (6.53 inch) Full HD+ Display,48MP Rear Camera , 8MP Front Camera,6000 mAh Battery,QualcommÂ® Snapdragonâ¢ 662 Processor,"₹11,878"
"OPPO A33 (Mint Cream, 32 GB)",3 GB RAM , 32 GB ROM ,16.51 cm (6.5 inch) HD+ Display,13MP + 2MP + 2MP , 8MP Front Camera,5000 mAh Lithium-ion Polymer Battery,Qualcomm Snapdragon 460 Processor,"₹10,990"
"Vivo Y91i (Fusion Black, 32 GB)",3 GB RAM , 32 GB ROM ,15.8 cm (6.22 inch) HD+ Display,13MP Rear Camera , 5MP Front Camera,4030 mAh Lithium-ion Battery,MediaTek Helio P22 Processor,"₹8,490"
"Realme 6 Pro (Lightning Orange, 64 GB)",6 GB RAM , 64 GB ROM ,16.76 cm (6.6 inch) Full HD+ Display,64MP + 12MP + 8MP + 2MP , 16MP + 8MP Dual Front Camera,4300 mAh Battery,Snapdragon 720G Processor,"₹15,999"
"Realme 6i (Lunar White, 64 GB)",4 GB RAM , 64 GB ROM ,16.51 cm (6.5 inch) Full HD+ Display,48MP + 8MP + 2MP + 2MP , 16MP Front Camera,4300 mAh Battery,MediaTek Helio G90T Processor,"₹12,999"
"Tecno POVA (Speed Purple, 128 GB)",6 GB RAM , 128 GB ROM ,17.27 cm (6.8 inch) HD+ Display,16MP + 2MP + 2MP + AI Lens Quad Camera , 8MP Front Camera,6000 mAh Li-ion Polymer Battery,MediaTek Helio G80 Processor,"₹11,999"
"Vivo Y91i (Fusion Black, 32 GB)",3 GB RAM , 32 GB ROM ,15.8 cm (6.22 inch) HD+ Display,13MP Rear Camera , 5MP Front Camera,4030 mAh Lithium-ion Battery,MediaTek Helio P22 Processor,"₹8,490"
"Realme 6 Pro (Lightning Orange, 64 GB)",6 GB RAM , 64 GB ROM ,16.76 cm (6.6 inch) Full HD+ Display,64MP + 12MP + 8MP + 2MP , 16MP + 8MP Dual Front Camera,4300 mAh Battery,Snapdragon 720G Processor,"₹15,999"
"OPPO F17 Pro (Metallic White, 128 GB)",8 GB RAM , 128 GB ROM ,16.33 cm (6.43 inch) Full HD+ Display,48MP + 8MP + 2MP + 2MP , 16MP + 2MP Dual Front Camera,4015 mAh Lithium-ion Battery,MediaTek Helio P95 Processor,"₹21,490"
"Tecno Spark Power 2 (Misty Grey, 64 GB)",4 GB RAM , 64 GB ROM ,17.78 cm (7 inch) HD+ Display,16 MP + 5 MP + 2 MP + AI Lens , 16MP Front Camera,6000 mAh Li-ion Polymer Battery,MediaTek Helio P22 Octa Core Processor,"₹9,999"
"Redmi 9 Prime (Sunrise Flare, 128 GB)",4 GB RAM , 128 GB ROM ,16.59 cm (6.53 inch) Full HD+ Display,13MP Rear Camera , 8MP Front Camera,5020 mAh Battery,MediaTek Helio G80 Processor,"₹11,792"
"Lava Z66 (Midnight Blue, 32 GB)",3 GB RAM , 32 GB ROM ,15.44 cm (6.08 inch) HD+ Display,13MP + 5MP , 13MP Front Camera,3950 mAh Lithium Polymer Battery,Octa Core Processor,"₹7,999"
"OPPO A53 (Electric Black, 64 GB)",4 GB RAM , 64 GB ROM ,16.51 cm (6.5 inch) HD+ Display,13MP + 2MP + 2MP , 16MP Front Camera,5000 mAh Lithium-ion Polymer Battery,Qualcomm Snapdragon 460 Processor,"₹12,990"
"OPPO A53 (Fancy Blue, 128 GB)",6 GB RAM , 128 GB ROM ,16.51 cm (6.5 inch) HD+ Display,13MP + 2MP + 2MP , 16MP Front Camera,5000 mAh Lithium-ion Polymer Battery,Qualcomm Snapdragon 460 Processor,"₹15,490"
"OPPO A53 (Fairy White, 128 GB)",6 GB RAM , 128 GB ROM ,16.51 cm (6.5 inch) HD+ Display,13MP + 2MP + 2MP , 16MP Front Camera,5000 mAh Lithium-ion Polymer Battery,Qualcomm Snapdragon 460 Processor,"₹15,490"
Nokia 216/216 DS,16 MB RAM , NA ROM ,6.1 cm (2.4 inch) QVGA Display,0.3MP Rear Camera , 0.3MP Front Camera,1020 mAh Battery,0 0 0 0 Processor Processor,"₹2,799"
"Vivo V19 (Mystic Silver, 256 GB)",8 GB RAM , 256 GB ROM ,16.36 cm (6.44 inch) Full HD+ Display,48MP + 8MP + 2MP + 2MP , 32MP + 8MP Dual Front Camera,4500 mAh Lithium-ion Battery,Qualcomm Snapdragon 712 AIE Processor,"₹27,990"
"Vivo V20 Pro (Midnight Jazz, 128 GB)",8 GB RAM , 128 GB ROM,16.36 cm (6.44 inch) Full HD+ Display,64MP + 8MP + 2MP , 44MP + 8MP Dual Front Camera,4000 mAh Lithium-ion Battery,Qualcomm Snapdragon 765G Processor,"₹29,990"
"Vivo V20 SE (Gravity Black, 128 GB)",8 GB RAM , 128 GB ROM ,16.36 cm (6.44 inch) Full HD+ Display,48MP + 8MP + 2MP , 32MP Front Camera,4100 mAh Lithium-ion Battery,Qualcomm Snapdragon 665 Processor,"₹20,990"
"Realme X3 (Arctic White, 128 GB)",8 GB RAM , 128 GB ROM,16.69 cm (6.57 inch) Full HD+ Display,64MP + 12MP + 8MP + 2MP , 16MP + 8MP Dual Front Camera,4200 mAh Battery,Qualcomm Snapdragon 855+ Processor,"₹22,999"
"Redmi 8A (Ocean Blue, 32 GB)",3 GB RAM , 32 GB ROM ,15.8 cm (6.22 inch) HD+ Display,12MP Rear Camera , 8MP Front Camera,5000 mAh Battery,Qualcomm Snapdragon 439 Processor,"₹8,449"
"Vivo V20 SE (Aquamarine Green, 128 GB)",8 GB RAM , 128 GB ROM ,16.36 cm (6.44 inch) Full HD+ Display,48MP + 8MP + 2MP , 32MP Front Camera,4100 mAh Lithium-ion Battery,Qualcomm Snapdragon 665 Processor,"₹20,990"
"Samsung M01 core (Black, 32 GB)",2 GB RAM , 32 GB ROM ,13.46 cm (5.3 inch) Full HD+ Display,8MP Rear Camera , 5MP Front Camera,3000 mAh Battery,MediaTek | MT6739WW quad core  Processor,"₹6,180"
"Redmi 9 (Sky Blue, 128 GB)",4 GB RAM , 128 GB ROM,16.59 cm (6.53 inch) HD+ Display,13MP + 8MP , 8MP Front Camera,5000 mAh Battery,MediaTek Helio G35 Processor,"₹10,397"
"Redmi 9 (Sky Blue, 64 GB)",4 GB RAM , 64 GB ROM,16.59 cm (6.53 inch) HD+ Display,13MP + 2MP , 5MP Front Camera,5000 mAh Battery,MediaTek Helio G35 Processor,"₹9,869"
"Redmi Note 9 Pro Max (Glacier White, 128 GB)",6 GB RAM , 128 GB ROM ,16.94 cm (6.67 inch) Full HD+ Display,64MP + 8MP + 5MP + 2MP , 32MP Front Camera,5020 mAh Battery,Qualcomm Snapdragon 720G Processor,"₹18,799"
"Redmi Note 8 (Neptune Blue, 64 GB)",4 GB RAM , 64 GB ROM ,16.0 cm (6.3 inch) Full HD+ Display,48MP + 8MP + 2MP + 2MP , 13MP Front Camera,4000 mAh Lithium Polymer Battery,Qualcomm Snapdragon 665 Processor,"₹12,999"
"Realme C3 (Frozen Blue, 32 GB)",3 GB RAM , 32 GB ROM ,16.56 cm (6.52 inch) HD+ Display,12MP + 2MP , 5MP Front Camera,5000 mAh Battery,Helio G70 Processor,"₹8,999"
"iQOO 3 (5G) (Tornado Black, 256 GB)",12 GB RAM , 256 GB ROM,16.36 cm (6.44 inch) Full HD+ Display,48MP + 13MP + 13MP + 2MP , 16MP Front Camera,4440 mAh Li-ion Battery,Qualcomm Snapdragon 865 Processor,"₹34,990"
"Tecno Camon 16 (Cloud White, 64 GB)",4 GB RAM , 64 GB ROM ,17.27 cm (6.8 inch) HD+ Display,64MP + 2MP + 2MP + AI Lens Quad AI Camera , 16MP Front Camera,5000 mAh Li-ion Polymer Battery,MediaTek Helio G70 Processor,"₹11,499"
"Redmi 9A (Sea Blue, 32 GB)",3 GB RAM , 32 GB ROM ,16.59 cm (6.53 inch) HD+ Display,13MP Rear Camera , 5MP Front Camera,5000 mAh Battery,MediaTek Helio G25 Processor,"₹8,299"
"Redmi 9A (Midnight Black, 32 GB)",3 GB RAM , 32 GB ROM ,16.59 cm (6.53 inch) HD+ Display,13MP Rear Camera , 5MP Front Camera,5000 mAh Battery,MediaTek Helio G25 Processor,"₹8,179"
"Tecno Camon 15 (SHOAL GOLD, 64 GB)",4 GB RAM , 64 GB ROM ,16.64 cm (6.55 inch) HD+ Display,48MP + 2MP + 2MP + QVGA Rear Camera , 16MP Front Camera,5000 mAh Li-ion Polymer Battery Battery,Helio P22 MT6762 Processor,"₹9,999"
"Samsung M01 core (Blue, 32 GB)",2 GB RAM , 32 GB ROM ,13.46 cm (5.3 inch) Full HD+ Display,8MP Rear Camera , 5MP Front Camera,3000 mAh Battery,MediaTek | MT6739WW quad core  Processor,"₹6,299"
"Infinix Zero 8i (Black Diamond, 128 GB)",8 GB RAM , 128 GB ROM ,17.4 cm (6.85 inch) Full HD+ Display,48MP + 8MP + 2MP + AI Lens Camera , 16MP + 8MP Dual Front Camera,4500 mAh Li-ion Polymer Battery,MediaTek Helio G90T Processor,"₹14,999"
"Realme C3 (Volcano Grey, 32 GB)",3 GB RAM , 32 GB ROM ,16.56 cm (6.52 inch) HD+ Display,12MP + 2MP , 5MP Front Camera,5000 mAh Battery,Helio G70 Processor,"₹8,999"
"Samsung Galaxy M11 (Violet, 32 GB)",3 GB RAM , 32 GB ROM ,16.26 cm (6.4 inch) HD+ Display,13MP + 5MP + 2MP , 8MP Front Camera,5000 mAh Lithium-ion Battery,Qualcomm Snapdragon (SDM450-F01) Octa Core Processor,"₹10,390"
"Honor 9S (Blue, 32 GB)",2 GB RAM , 32 GB ROM ,13.84 cm (5.45 inch) HD+ Display,8MP Rear Camera , 5MP Front Camera,3020 mAh Lithium Polymer Battery,MediaTek Helio P22 (MT6762R) Octa Core Processor,"₹5,999"
"Redmi Note 9 Pro (Aurora Blue, 128 GB)",6 GB RAM , 128 GB ROM ,16.94 cm (6.67 inch) Full HD+ Display,48MP + 8MP + 5MP + 2MP , 16MP Front Camera,5020 mAh Battery,Qualcomm® Snapdragon™ 720G Processor,"₹19,499"
"OPPO Reno2 (Luminous Black, 256 GB)",8 GB RAM , 256 GB ROM ,16.51 cm (6.5 inch) Display,48MP + 8MP + 13MP + 2MP , 16MP Front Camera,4000 mAh Battery,Qualcomm Snapdragon 730G Processor,"₹38,990"
"Samsung Galaxy A31 (Prism Crush Black, 128 GB)",6 GB RAM , 128 GB ROM ,16.26 cm (6.4 inch) Full HD+ Display,48MP + 8MP + 5MP + 5MP , 20MP Front Camera,5000 mAh Lithium-ion Battery,MediaTek (MT6768) Octa Core Processor,"₹17,999"
"Vivo Y91i (Ocean Blue, 32 GB)",2 GB RAM , 32 GB ROM ,15.8 cm (6.22 inch) HD+ Display,13MP Rear Camera , 5MP Front Camera,4030 mAh Li-ion Battery,MTK Helio P22 Processor,"₹7,990"
"Mi 10T (Cosmic Black, 128 GB)",8 GB RAM , 128 GB ROM,16.94 cm (6.67 inch) Full HD+ Display,64MP Rear Camera , 20MP Front Camera,5000 mAh Li-ion Polymer Battery,Qualcomm Snapdragon 865 Processor,"₹34,999"
"Samsung Galaxy M11 (Black, 64 GB)",4 GB RAM , 64 GB ROM ,16.26 cm (6.4 inch) HD+ Display,13MP + 5MP + 2MP , 8MP Front Camera,5000 mAh Lithium-ion Battery,Qualcomm Snapdragon (SDM450-F01) Octa Core Processor,"₹12,959"
"OPPO F17 Pro (Matte Black, 128 GB)",8 GB RAM , 128 GB ROM ,16.33 cm (6.43 inch) Full HD+ Display,48MP + 8MP + 2MP + 2MP , 16MP + 2MP Dual Front Camera,4015 mAh Lithium-ion Battery,MediaTek Helio P95 Processor,"₹21,490"
"Samsung Galaxy A31 (Prism Crush Blue, 128 GB)",6 GB RAM , 128 GB ROM ,16.26 cm (6.4 inch) Full HD+ Display,48MP + 8MP + 5MP + 5MP , 20MP Front Camera,5000 mAh Lithium-ion Battery,MediaTek (MT6768) Octa Core Processor,"₹17,999"
"OPPO F17 Pro (Magic Blue, 128 GB)",8 GB RAM , 128 GB ROM ,16.33 cm (6.43 inch) Full HD+ Display,48MP + 8MP + 2MP + 2MP , 16MP + 2MP Dual Front Camera,4015 mAh Lithium-ion Battery,MediaTek Helio P95 Processor,"₹21,490"
"Realme X3 (Glacier Blue, 128 GB)",8 GB RAM , 128 GB ROM,16.69 cm (6.57 inch) Full HD+ Display,64MP + 12MP + 8MP + 2MP , 16MP + 8MP Dual Front Camera,4200 mAh Battery,Qualcomm Snapdragon 855+ Processor,"₹22,999"
"Vivo V20 Pro (Sunset Melody, 128 GB)",8 GB RAM , 128 GB ROM,16.36 cm (6.44 inch) Full HD+ Display,64MP + 8MP + 2MP , 44MP + 8MP Dual Front Camera,4000 mAh Lithium-ion Battery,Qualcomm Snapdragon 765G Processor,"₹29,990"
"OPPO A53 (Electric Black, 128 GB)",6 GB RAM , 128 GB ROM ,16.51 cm (6.5 inch) HD+ Display,13MP + 2MP + 2MP , 16MP Front Camera,5000 mAh Lithium-ion Polymer Battery,Qualcomm Snapdragon 460 Processor,"₹15,490"
"Redmi 8A Dual (Sea Blue, 32 GB)",2 GB RAM , 32 GB ROM ,15.8 cm (6.22 inch) HD+ Display,13MP + 2MP , 8MP Front Camera,5000 mAh Lithium Polymer Battery,Qualcomm Snapdragon 439 Processor,"₹6,999"
"Realme X3 SuperZoom (Arctic White, 256 GB)",12 GB RAM , 256 GB ROM,16.69 cm (6.57 inch) Full HD+ Display,64MP + 8MP + 8MP + 2MP , 32MP + 8MP Dual Front Camera,4200 mAh Battery,Qualcomm Snapdragon 855+ Processor,"₹28,999"
"Samsung M01 core (Blue, 16 GB)",1 GB RAM , 16 GB ROM ,13.46 cm (5.3 inch) Full HD+ Display,8MP Rear Camera , 5MP Front Camera,3000 mAh Battery,MediaTek | MT6739WW quad core  Processor,"₹5,382"
"Redmi 8A Dual (Sea Blue, 64 GB)",3 GB RAM , 64 GB ROM ,15.8 cm (6.22 inch) HD+ Display,13MP + 2MP , 8MP Front Camera,5000 mAh Lithium Polymer Battery,Qualcomm Snapdragon 439 Processor,"₹8,419"
"Samsung M31s (Mirage Blue, 128 GB)",8 GB RAM , 128 GB ROM ,16.51 cm (6.5 inch) Full HD+ Display,64MP + 12MP , 32MP Front Camera,6000 mAh Battery,Exynos 9611 octa core processor Processor,"₹22,289"
"Vivo Y91i (Fusion Black, 32 GB)",2 GB RAM , 32 GB ROM ,15.8 cm (6.22 inch) HD+ Display,13MP Rear Camera , 5MP Front Camera,4030 mAh Li-ion Battery,MTK Helio P22 Processor,"₹7,990"
"Tecno Camon 15 (Fascinating Purple, 64 GB)",4 GB RAM , 64 GB ROM ,16.64 cm (6.55 inch) HD+ Display,48MP + 2MP + 2MP + QVGA Rear Camera , 16MP Front Camera,5000 mAh Li-ion Polymer Battery Battery,Helio P22 MT6762 Processor,"₹9,999"
"OPPO A1K (Black, 32 GB)",2 GB RAM , 32 GB ROM ,15.49 cm (6.1 inch) Display,8MP Rear Camera , 5MP Front Camera,4000 mAh Li-polymer Battery,MediaTek Helio P22 Processor,"₹7,990"
"POCO X2 (Phoenix Red, 64 GB)",6 GB RAM , 64 GB ROM ,16.94 cm (6.67 inch) Full HD+ Display,64MP + 8MP + 2MP + 2MP , 20MP + 2MP Dual Front Camera,4500 mAh Lithium-ion Polymer Battery,Qualcomm Snapdragon 730G Processor,"₹14,999"
"Honor 9S (Black, 32 GB)",2 GB RAM , 32 GB ROM ,13.84 cm (5.45 inch) HD+ Display,8MP Rear Camera , 5MP Front Camera,3020 mAh Lithium Polymer Battery,MediaTek Helio P22 (MT6762R) Octa Core Processor,"₹5,999"
"Realme 6 Pro (Lightning Red, 128 GB)",8 GB RAM , 128 GB ROM ,16.76 cm (6.6 inch) Full HD+ Display,64MP + 12MP + 8MP + 2MP , 16MP + 8MP Dual Front Camera,4300 mAh Battery,Snapdragon 720G Processor,"₹17,999"
"Redmi 8A Dual (Sea Blue, 32 GB)",3 GB RAM , 32 GB ROM ,15.8 cm (6.22 inch) HD+ Display,13MP + 2MP , 8MP Front Camera,5000 mAh Lithium Polymer Battery,Qualcomm Snapdragon 439 Processor,"₹8,995"
"Redmi 8 (Sapphire Blue, 64 GB)",4 GB RAM , 64 GB ROM ,15.8 cm (6.22 inch) HD+ Display,12MP + 2MP , 8MP Front Camera,5000 mAh Battery,Qualcomm Snapdragon 439 Processor,"₹9,999"
"Micromax IN 1b (Purple, 32 GB)",2 GB RAM , 32 GB ROM ,16.56 cm (6.52 inch) HD+ Display,13MP + 2MP , 8MP Front Camera,5000 mAh Li-Polymer Battery,MediaTek Helio G35 (MT6765V/WB) Processor,"₹6,999"
"Redmi Note 8 (Cosmic Purple, 64 GB)",4 GB RAM , 64 GB ROM ,16.0 cm (6.3 inch) Full HD+ Display,48MP + 8MP + 2MP + 2MP , 13MP Front Camera,4000 mAh Lithium Polymer Battery,Qualcomm Snapdragon 665 Processor,"₹12,999"
"OPPO A31 (Mystery Black, 64 GB)",4 GB RAM , 64 GB ROM ,16.51 cm (6.5 inch) HD+ Display,12MP + 2MP + 2MP , 8MP Front Camera,4230 mAh Battery,MediaTek Helio P35 Octa Core Processor,"₹10,990"
"Lava Z61 Pro (Lavender Blue, 16 GB)",2 GB RAM , 16 GB ROM ,13.84 cm (5.45 inch) HD+ Display,8MP Rear Camera , 5MP Front Camera,3100 mAh Lithium Polymer Battery,Unisoc Octa Core Processor,"₹5,377"
"Lava Z61 Pro (Champagne Gold, 16 GB)",2 GB RAM , 16 GB ROM ,13.84 cm (5.45 inch) HD+ Display,8MP Rear Camera , 5MP Front Camera,3100 mAh Lithium Polymer Battery,Unisoc Octa Core Processor,"₹5,377"
"Vivo Y20A (Nebula Blue, 64 GB)",3 GB RAM , 64 GB ROM ,16.54 cm (6.51 inch) HD+ Display,13MP + 2MP + 2MP , 8MP Front Camera,5000 mAh Li-ion Battery,Qualcomm Snapdragon 439 Processor,"₹11,490"
"iQOO 3 (Quantum Silver, 256 GB)",8 GB RAM , 256 GB ROM,16.36 cm (6.44 inch) Full HD+ Display,48MP + 13MP + 13MP + 2MP , 16MP Front Camera,4440 mAh Li-ion Battery,Qualcomm Snapdragon 865 Processor,"₹32,990"
"Redmi 8 (Ruby Red, 64 GB)",4 GB RAM , 64 GB ROM ,15.8 cm (6.22 inch) HD+ Display,12MP + 2MP , 8MP Front Camera,5000 mAh Battery,Qualcomm Snapdragon 439 Processor,"₹9,999"
"OPPO A31 (Mystery Black, 128 GB)",6 GB RAM , 128 GB ROM ,16.51 cm (6.5 inch) HD+ Display,12MP + 2MP + 2MP , 8MP Front Camera,4230 mAh Battery,MediaTek Helio P35 Octa Core Processor,"₹15,990"
"OPPO A1K (Red, 32 GB)",2 GB RAM , 32 GB ROM ,15.49 cm (6.1 inch) Display,8MP Rear Camera , 5MP Front Camera,4000 mAh Li-polymer Battery,MediaTek Helio P22 Processor,"₹7,990"
"Realme 5s (Crystal Blue, 128 GB)",4 GB RAM , 128 GB ROM ,16.51 cm (6.5 inch) HD+ Display,48MP + 8MP + 2MP + 2MP , 13MP Front Camera,5000 mAh Battery,Qualcomm Snapdragon 665 Processor,"₹11,999"
"Vivo Y12 (Burgundy Red, 64 GB)",3 GB RAM , 64 GB ROM ,16.13 cm (6.35 inch) HD+ Display,13MP + 2MP + 8MP , 8MP Front Camera,5000 mAh Battery,MediaTek Helio P22 Processor,"₹10,990"
"Redmi 8A Dual (Midnight Grey, 32 GB)",3 GB RAM , 32 GB ROM ,15.8 cm (6.22 inch) HD+ Display,13MP + 2MP , 8MP Front Camera,5000 mAh Lithium Polymer Battery,Qualcomm Snapdragon 439 Processor,"₹8,440"
"Redmi 9 Prime (Space Blue, 128 GB)",4 GB RAM , 128 GB ROM ,16.59 cm (6.53 inch) Full HD+ Display,13MP Rear Camera , 8MP Front Camera,5020 mAh Battery,MediaTek Helio G80 Processor,"₹11,638"
"Vivo X50 (Glaze Black, 128 GB)",8 GB RAM , 128 GB ROM,16.66 cm (6.56 inch) Full HD+ E3 Super AMOLED Display,48MP + 13MP + 8MP + 5MP , 32MP Front Camera,4200 mAh Lithium-ion Battery,Qualcomm Snapdragon 730 Processor,"₹34,990"
"Nokia 2.4 (Fjord Blue, 64 GB)",3 GB RAM , 64 GB ROM ,16.51 cm (6.5 inch) HD+ Display,13MP + 2MP , 5MP Front Camera,4500 mAh Li-ion Polymer Battery,MediaTek Helio P22 Processor,"₹10,399"
"Panasonic ELUGA I6 (Black, 16 GB)",2 GB RAM , 16 GB ROM ,13.84 cm (5.45 inch) FWVGA Display,8MP Rear Camera , 5MP Front Camera,3000 mAh Battery,MediaTek Processor,"₹4,499"
"Realme 5i (Aqua Blue, 64 GB)",4 GB RAM , 64 GB ROM,16.56 cm (6.52 inch) HD+ Display,12MP + 8MP + 2MP + 2MP , 8MP Front Camera,5000 mAh Battery,Qualcomm Snapdragon 665 2 GHz Processor,"₹10,999"
"Nokia C3 (Nordic Blue, 16 GB)",2 GB RAM , 16 GB ROM ,15.21 cm (5.99 inch) HD+ Display,8MP Rear Camera , 5MP Front Camera,3040 mAh Lithium-ion Battery,SC9863A Octa Core Processor,"₹6,999"
"Tecno Camon 16 (Purist Blue, 64 GB)",4 GB RAM , 64 GB ROM ,17.27 cm (6.8 inch) HD+ Display,64MP + 2MP + 2MP + AI Lens Quad AI Camera , 16MP Front Camera,5000 mAh Li-ion Polymer Battery,MediaTek Helio G70 Processor,"₹11,499"
"Samsung Galaxy M11 (Metallic Blue, 32 GB)",3 GB RAM , 32 GB ROM ,16.26 cm (6.4 inch) HD+ Display,13MP + 5MP + 2MP , 8MP Front Camera,5000 mAh Lithium-ion Battery,Qualcomm Snapdragon (SDM450-F01) Octa Core Processor,"₹10,388"
"Samsung Galaxy A21s (Blue, 64 GB)",4 GB RAM , 64 GB ROM ,16.51 cm (6.5 inch) HD+ Display,48MP + 8MP + 2MP + 2MP , 13MP Front Camera,5000 mAh Lithium-ion Battery,Exynos 850 Octa Core Processor,"₹14,999"
"Vivo Y20A (Dawn White, 64 GB)",3 GB RAM , 64 GB ROM ,16.54 cm (6.51 inch) HD+ Display,13MP + 2MP + 2MP , 8MP Front Camera,5000 mAh Li-ion Battery,Qualcomm Snapdragon 439 Processor,"₹11,490"
"Samsung Galaxy A31 (Prism Crush White, 128 GB)",6 GB RAM , 128 GB ROM ,16.26 cm (6.4 inch) Full HD+ Display,48MP + 8MP + 5MP + 5MP , 20MP Front Camera,5000 mAh Lithium-ion Battery,MediaTek (MT6768) Octa Core Processor,"₹17,999"
"OPPO F17 (Classic Silver, 128 GB)",6 GB RAM , 128 GB ROM,16.36 cm (6.44 inch) Full HD+ Display,16MP + 8MP + 2MP + 2MP , 16MP Front Camera,4015 mAh Lithium Polymer Battery,Qualcomm Snapdragon 662 Processor,"₹16,990"
"Realme Narzo 10A (So White, 32 GB)",3 GB RAM , 32 GB ROM ,16.56 cm (6.52 inch) HD+ Display,12MP + 2MP + 2MP , 5MP Front Camera,5000 mAh Lithium-ion Battery,MediaTek Helio G70 (12 nm) Processor,"₹8,999"
"Samsung Galaxy M21 (Raven Black, 64 GB)",4 GB RAM , 64 GB ROM ,16.26 cm (6.4 inch) Full HD+ Display,48MP + 8MP + 5MP , 20MP Front Camera,6000 mAh Battery,Exynos 9611-Octa Core processor Processor,"₹14,990"
"Vivo Y12 (Aqua Blue, 64 GB)",3 GB RAM , 64 GB ROM ,16.13 cm (6.35 inch) HD+ Display,13MP + 2MP + 8MP , 8MP Front Camera,5000 mAh Battery,MediaTek Helio P22 Processor,"₹10,990"
"OPPO A9 2020 (Marine Green, 128 GB)",8 GB RAM , 128 GB ROM ,16.51 cm (6.5 inch) Display,48MP + 8MP + 2MP + 2MP , 16MP Front Camera,5000 mAh Battery,Qualcomm Snapdragon 665 Processor,"₹14,990"
"Realme 6 (Comet White, 64 GB)",4 GB RAM , 64 GB ROM ,16.51 cm (6.5 inch) Full HD+ Display,64MP + 8MP + 2MP + 2MP , 16MP Front Camera,4300 mAh Battery,MediaTek Helio G90T Processor,"₹13,999"
"Redmi 8A Dual (Midnight Grey, 64 GB)",3 GB RAM , 64 GB ROM ,15.8 cm (6.22 inch) HD+ Display,13MP + 2MP , 8MP Front Camera,5000 mAh Lithium Polymer Battery,Qualcomm Snapdragon 439 Processor,"₹9,790"
"Realme X3 SuperZoom (Glacier Blue, 256 GB)",12 GB RAM , 256 GB ROM,16.69 cm (6.57 inch) Full HD+ Display,64MP + 8MP + 8MP + 2MP , 32MP + 8MP Dual Front Camera,4200 mAh Battery,Qualcomm Snapdragon 855+ Processor,"₹28,999"
"OPPO A11K (Deep Blue, 32 GB)",2 GB RAM , 32 GB ROM ,15.8 cm (6.22 inch) HD+ Display,13MP + 2MP , 5MP Front Camera,4230 mAh Li-polymer Battery,MediaTek Helio P35 Octa Core Processor,"₹8,490"
"OPPO A11K (Flowing Silver, 32 GB)",2 GB RAM , 32 GB ROM ,15.8 cm (6.22 inch) HD+ Display,13MP + 2MP , 5MP Front Camera,4230 mAh Li-polymer Battery,MediaTek Helio P35 Octa Core Processor,"₹8,490"
"OPPO A52 (Twilight Black, 128 GB)",6 GB RAM , 128 GB ROM ,16.51 cm (6.5 inch) Full HD+ Display,12MP + 8MP + 2MP + 2MP , 16MP Front Camera,5000 mAh Lithium Polymer Battery,Qualcomm Snapdragon 665 Processor,"₹16,980"
"Tecno Spark 5 Pro (Ice Jadeite, 64 GB)",4 GB RAM , 64 GB ROM ,16.64 cm (6.55 inch) HD+ Display,16 MP + 2 MP + 2 MP + QVGA Quad AI Camera , 8MP Front Camera,5000 mAh Li-ion Polymer Battery,MediaTek Helio A25 Octa Core Processor,"₹10,495"
"OPPO Reno3 Pro (Sky White, 128 GB)",8 GB RAM , 128 GB ROM ,16.26 cm (6.4 inch) Display,64MP + 13MP + 8MP + 2MP , 44MP + 2MP Dual Front Camera,4025 mAh Battery,MediaTek Helio P95 Processor,"₹24,978"
"Redmi 8 (Onyx Black, 64 GB)",4 GB RAM , 64 GB ROM ,15.8 cm (6.22 inch) HD+ Display,12MP + 2MP , 8MP Front Camera,5000 mAh Battery,Qualcomm Snapdragon 439 Processor,"₹10,999"
"Vivo Y91i (Ocean Blue, 16 GB)",2 GB RAM , 16 GB ROM ,15.8 cm (6.22 inch) HD+ Display,13MP Rear Camera , 5MP Front Camera,4030 mAh Li-ion Battery,MTK Helio P22 Processor,"₹8,950"
"Samsung Galaxy M31 (Space Black, 64 GB)",6 GB RAM , 64 GB ROM ,16.26 cm (6.4 inch) Full HD+ Display,64MP + 8MP + 5MP + 5MP , 32MP Front Camera,6000 mAh Battery,Samsung Exynos 9 Octa 9611 Processor,"₹16,769"
"Samsung M01 core (Red, 32 GB)",2 GB RAM , 32 GB ROM ,13.46 cm (5.3 inch) Full HD+ Display,8MP Rear Camera , 5MP Front Camera,3000 mAh Battery,MediaTek | MT6739WW quad core  Processor,"₹6,468"
"Samsung Galaxy Note 10 Plus (Aura Black, 256 GB)",12 GB RAM , 256 GB ROM ,17.27 cm (6.8 inch) Display,12MP (Dual Aperture) + 12MP + 16MP + TOF , 10MP Front Camera,4300 mAh Battery,Super AMOLED Display,"₹54,999"
